<?xml version="1.0" encoding="UTF-8"?>
<project-private xmlns="http://www.netbeans.org/ns/project-private/1">
    <editor-bookmarks xmlns="http://www.netbeans.org/ns/editor-bookmarks/2" lastBookmarkId="0"/>
    <open-files xmlns="http://www.netbeans.org/ns/projectui-open-files/2">
        <group>
            <file>file:/C:/Users/HOME/OneDrive%20-%20UNIVERSIDAD%20TÉCNICA%20DE%20AMBATO/CUARTO%20SEMESTRE%20+1/ESTRUCTURA%20DE%20DATOS/Listas/src/PilasYColas/Principal.java</file>
            <file>file:/C:/Users/HOME/OneDrive%20-%20UNIVERSIDAD%20TÉCNICA%20DE%20AMBATO/CUARTO%20SEMESTRE%20+1/ESTRUCTURA%20DE%20DATOS/Listas/src/listas/Persona.java</file>
            <file>file:/C:/Users/HOME/OneDrive%20-%20UNIVERSIDAD%20TÉCNICA%20DE%20AMBATO/CUARTO%20SEMESTRE%20+1/ESTRUCTURA%20DE%20DATOS/Listas/src/Grafos/Vertice.java</file>
            <file>file:/C:/Users/HOME/OneDrive%20-%20UNIVERSIDAD%20TÉCNICA%20DE%20AMBATO/CUARTO%20SEMESTRE%20+1/ESTRUCTURA%20DE%20DATOS/Listas/src/ArbolBinario/Arbol.java</file>
            <file>file:/C:/Users/HOME/OneDrive%20-%20UNIVERSIDAD%20TÉCNICA%20DE%20AMBATO/CUARTO%20SEMESTRE%20+1/ESTRUCTURA%20DE%20DATOS/Listas/src/ListaDoble/Persona.java</file>
            <file>file:/C:/Users/HOME/OneDrive%20-%20UNIVERSIDAD%20TÉCNICA%20DE%20AMBATO/CUARTO%20SEMESTRE%20+1/ESTRUCTURA%20DE%20DATOS/Listas/src/Recursividad/Ejercicios.java</file>
            <file>file:/C:/Users/HOME/OneDrive%20-%20UNIVERSIDAD%20TÉCNICA%20DE%20AMBATO/CUARTO%20SEMESTRE%20+1/ESTRUCTURA%20DE%20DATOS/Listas/src/Grafos/Arco.java</file>
            <file>file:/C:/Users/HOME/OneDrive%20-%20UNIVERSIDAD%20TÉCNICA%20DE%20AMBATO/CUARTO%20SEMESTRE%20+1/ESTRUCTURA%20DE%20DATOS/Listas/src/ListaGenerica/Nodo.java</file>
            <file>file:/C:/Users/HOME/OneDrive%20-%20UNIVERSIDAD%20TÉCNICA%20DE%20AMBATO/CUARTO%20SEMESTRE%20+1/ESTRUCTURA%20DE%20DATOS/Listas/src/listas/GestorPersona.java</file>
            <file>file:/C:/Users/HOME/OneDrive%20-%20UNIVERSIDAD%20TÉCNICA%20DE%20AMBATO/CUARTO%20SEMESTRE%20+1/ESTRUCTURA%20DE%20DATOS/Listas/src/Letras/Jugador.java</file>
            <file>file:/C:/Users/HOME/OneDrive%20-%20UNIVERSIDAD%20TÉCNICA%20DE%20AMBATO/CUARTO%20SEMESTRE%20+1/ESTRUCTURA%20DE%20DATOS/Listas/src/ListaGenerica/Persona.java</file>
            <file>file:/C:/Users/HOME/OneDrive%20-%20UNIVERSIDAD%20TÉCNICA%20DE%20AMBATO/CUARTO%20SEMESTRE%20+1/ESTRUCTURA%20DE%20DATOS/Listas/src/ListaCircularDoble/ListaCircularDoble.java</file>
            <file>file:/C:/Users/HOME/OneDrive%20-%20UNIVERSIDAD%20TÉCNICA%20DE%20AMBATO/CUARTO%20SEMESTRE%20+1/ESTRUCTURA%20DE%20DATOS/Listas/src/ListaCircularDoble/Persona.java</file>
            <file>file:/C:/Users/HOME/OneDrive%20-%20UNIVERSIDAD%20TÉCNICA%20DE%20AMBATO/CUARTO%20SEMESTRE%20+1/ESTRUCTURA%20DE%20DATOS/Listas/src/ListaGenerica/Main.java</file>
            <file>file:/C:/Users/HOME/OneDrive%20-%20UNIVERSIDAD%20TÉCNICA%20DE%20AMBATO/CUARTO%20SEMESTRE%20+1/ESTRUCTURA%20DE%20DATOS/Listas/src/Letras/Principal.java</file>
            <file>file:/C:/Users/HOME/OneDrive%20-%20UNIVERSIDAD%20TÉCNICA%20DE%20AMBATO/CUARTO%20SEMESTRE%20+1/ESTRUCTURA%20DE%20DATOS/Listas/src/Letras/SopaDeLetras.java</file>
            <file>file:/C:/Users/HOME/OneDrive%20-%20UNIVERSIDAD%20TÉCNICA%20DE%20AMBATO/CUARTO%20SEMESTRE%20+1/ESTRUCTURA%20DE%20DATOS/Listas/src/Grafos/Grafo.java</file>
            <file>file:/C:/Users/HOME/OneDrive%20-%20UNIVERSIDAD%20TÉCNICA%20DE%20AMBATO/CUARTO%20SEMESTRE%20+1/ESTRUCTURA%20DE%20DATOS/Listas/src/ListaGenerica/Lista.java</file>
            <file>file:/C:/Users/HOME/OneDrive%20-%20UNIVERSIDAD%20TÉCNICA%20DE%20AMBATO/CUARTO%20SEMESTRE%20+1/ESTRUCTURA%20DE%20DATOS/Listas/src/ListaCircularDoble/Nodo.java</file>
            <file>file:/C:/Users/HOME/OneDrive%20-%20UNIVERSIDAD%20TÉCNICA%20DE%20AMBATO/CUARTO%20SEMESTRE%20+1/ESTRUCTURA%20DE%20DATOS/Listas/src/ArbolGeneral2/ÁrbolBin.java</file>
            <file>file:/C:/Users/HOME/OneDrive%20-%20UNIVERSIDAD%20TÉCNICA%20DE%20AMBATO/CUARTO%20SEMESTRE%20+1/ESTRUCTURA%20DE%20DATOS/Listas/src/Arboles/Principal.java</file>
            <file>file:/C:/Users/HOME/OneDrive%20-%20UNIVERSIDAD%20TÉCNICA%20DE%20AMBATO/CUARTO%20SEMESTRE%20+1/ESTRUCTURA%20DE%20DATOS/Listas/src/ListaDoble/Nodo.java</file>
            <file>file:/C:/Users/HOME/OneDrive%20-%20UNIVERSIDAD%20TÉCNICA%20DE%20AMBATO/CUARTO%20SEMESTRE%20+1/ESTRUCTURA%20DE%20DATOS/Listas/src/ListaCircularDoble/Lista.java</file>
            <file>file:/C:/Users/HOME/OneDrive%20-%20UNIVERSIDAD%20TÉCNICA%20DE%20AMBATO/CUARTO%20SEMESTRE%20+1/ESTRUCTURA%20DE%20DATOS/Listas/src/Letras/ConfiguracionJuego.java</file>
            <file>file:/C:/Users/HOME/OneDrive%20-%20UNIVERSIDAD%20TÉCNICA%20DE%20AMBATO/CUARTO%20SEMESTRE%20+1/ESTRUCTURA%20DE%20DATOS/Listas/src/ListaDoble/Main.java</file>
            <file>file:/C:/Users/HOME/OneDrive%20-%20UNIVERSIDAD%20TÉCNICA%20DE%20AMBATO/CUARTO%20SEMESTRE%20+1/ESTRUCTURA%20DE%20DATOS/Listas/src/ListaCircularDoble/Main.java</file>
            <file>file:/C:/Users/HOME/OneDrive%20-%20UNIVERSIDAD%20TÉCNICA%20DE%20AMBATO/CUARTO%20SEMESTRE%20+1/ESTRUCTURA%20DE%20DATOS/Listas/src/ArbolGeneral/ArbolGeneral.java</file>
            <file>file:/C:/Users/HOME/OneDrive%20-%20UNIVERSIDAD%20TÉCNICA%20DE%20AMBATO/CUARTO%20SEMESTRE%20+1/ESTRUCTURA%20DE%20DATOS/Listas/src/ArbolBinario/Principal.java</file>
            <file>file:/C:/Users/HOME/OneDrive%20-%20UNIVERSIDAD%20TÉCNICA%20DE%20AMBATO/CUARTO%20SEMESTRE%20+1/ESTRUCTURA%20DE%20DATOS/Listas/src/Grafo/Grafo.java</file>
            <file>file:/C:/Users/HOME/OneDrive%20-%20UNIVERSIDAD%20TÉCNICA%20DE%20AMBATO/CUARTO%20SEMESTRE%20+1/ESTRUCTURA%20DE%20DATOS/Listas/src/ArbolGeneral2/ArbolGnralEDSWA.java</file>
            <file>file:/C:/Users/HOME/OneDrive%20-%20UNIVERSIDAD%20TÉCNICA%20DE%20AMBATO/CUARTO%20SEMESTRE%20+1/ESTRUCTURA%20DE%20DATOS/Listas/src/ArbolGeneral/NodoGeneral.java</file>
            <file>file:/C:/Users/HOME/OneDrive%20-%20UNIVERSIDAD%20TÉCNICA%20DE%20AMBATO/CUARTO%20SEMESTRE%20+1/ESTRUCTURA%20DE%20DATOS/Listas/src/Grafo/Main.java</file>
            <file>file:/C:/Users/HOME/OneDrive%20-%20UNIVERSIDAD%20TÉCNICA%20DE%20AMBATO/CUARTO%20SEMESTRE%20+1/ESTRUCTURA%20DE%20DATOS/Listas/src/listas/Listas.java</file>
            <file>file:/C:/Users/HOME/OneDrive%20-%20UNIVERSIDAD%20TÉCNICA%20DE%20AMBATO/CUARTO%20SEMESTRE%20+1/ESTRUCTURA%20DE%20DATOS/Listas/src/ArbolBinario/NodoBin.java</file>
            <file>file:/C:/Users/HOME/OneDrive%20-%20UNIVERSIDAD%20TÉCNICA%20DE%20AMBATO/CUARTO%20SEMESTRE%20+1/ESTRUCTURA%20DE%20DATOS/Listas/src/Letras/MatrizDeLetras.java</file>
            <file>file:/C:/Users/HOME/OneDrive%20-%20UNIVERSIDAD%20TÉCNICA%20DE%20AMBATO/CUARTO%20SEMESTRE%20+1/ESTRUCTURA%20DE%20DATOS/Listas/src/ListaCircularDoble/ListaCircular.java</file>
            <file>file:/C:/Users/HOME/OneDrive%20-%20UNIVERSIDAD%20TÉCNICA%20DE%20AMBATO/CUARTO%20SEMESTRE%20+1/ESTRUCTURA%20DE%20DATOS/Listas/src/Arboles/ArbolHilvanado.java</file>
            <file>file:/C:/Users/HOME/OneDrive%20-%20UNIVERSIDAD%20TÉCNICA%20DE%20AMBATO/CUARTO%20SEMESTRE%20+1/ESTRUCTURA%20DE%20DATOS/Listas/src/ArbolGeneral2/NodoAGnral.java</file>
            <file>file:/C:/Users/HOME/OneDrive%20-%20UNIVERSIDAD%20TÉCNICA%20DE%20AMBATO/CUARTO%20SEMESTRE%20+1/ESTRUCTURA%20DE%20DATOS/Listas/src/ListaDoble/Lista.java</file>
            <file>file:/C:/Users/HOME/OneDrive%20-%20UNIVERSIDAD%20TÉCNICA%20DE%20AMBATO/CUARTO%20SEMESTRE%20+1/ESTRUCTURA%20DE%20DATOS/Listas/src/ArbolGeneral2/NodoABin.java</file>
            <file>file:/C:/Users/HOME/OneDrive%20-%20UNIVERSIDAD%20TÉCNICA%20DE%20AMBATO/CUARTO%20SEMESTRE%20+1/ESTRUCTURA%20DE%20DATOS/Listas/src/ArbolGeneral2/ÁrbolGnral.java</file>
            <file>file:/C:/Users/HOME/OneDrive%20-%20UNIVERSIDAD%20TÉCNICA%20DE%20AMBATO/CUARTO%20SEMESTRE%20+1/ESTRUCTURA%20DE%20DATOS/Listas/src/Arboles/NodoHilvanado.java</file>
            <file>file:/C:/Users/HOME/OneDrive%20-%20UNIVERSIDAD%20TÉCNICA%20DE%20AMBATO/CUARTO%20SEMESTRE%20+1/ESTRUCTURA%20DE%20DATOS/Listas/src/Grafos/Main.java</file>
        </group>
    </open-files>
</project-private>
