<?xml version="1.0" encoding="UTF-8"?>
<project-private xmlns="http://www.netbeans.org/ns/project-private/1">
    <editor-bookmarks xmlns="http://www.netbeans.org/ns/editor-bookmarks/2" lastBookmarkId="0"/>
    <open-files xmlns="http://www.netbeans.org/ns/projectui-open-files/2">
        <group>
            <file>file:/C:/Users/HOME/OneDrive%20-%20UNIVERSIDAD%20TÉCNICA%20DE%20AMBATO/CUARTO%20SEMESTRE%20+1/ESTRUCTURA%20DE%20DATOS/Gestor/src/gestor/Profesor.java</file>
            <file>file:/C:/Users/HOME/OneDrive%20-%20UNIVERSIDAD%20TÉCNICA%20DE%20AMBATO/CUARTO%20SEMESTRE%20+1/ESTRUCTURA%20DE%20DATOS/Gestor/src/gestor/Trabajador.java</file>
            <file>file:/C:/Users/HOME/OneDrive%20-%20UNIVERSIDAD%20TÉCNICA%20DE%20AMBATO/CUARTO%20SEMESTRE%20+1/ESTRUCTURA%20DE%20DATOS/Gestor/src/gestor/Estudiante.java</file>
            <file>file:/C:/Users/HOME/OneDrive%20-%20UNIVERSIDAD%20TÉCNICA%20DE%20AMBATO/CUARTO%20SEMESTRE%20+1/ESTRUCTURA%20DE%20DATOS/Gestor/src/gestor/Curso.java</file>
            <file>file:/C:/Users/HOME/OneDrive%20-%20UNIVERSIDAD%20TÉCNICA%20DE%20AMBATO/CUARTO%20SEMESTRE%20+1/ESTRUCTURA%20DE%20DATOS/Gestor/src/gestor/Gestor.java</file>
            <file>file:/C:/Users/HOME/OneDrive%20-%20UNIVERSIDAD%20TÉCNICA%20DE%20AMBATO/CUARTO%20SEMESTRE%20+1/ESTRUCTURA%20DE%20DATOS/Gestor/src/gestor/GestorUnidad.java</file>
            <file>file:/C:/Users/HOME/OneDrive%20-%20UNIVERSIDAD%20TÉCNICA%20DE%20AMBATO/CUARTO%20SEMESTRE%20+1/ESTRUCTURA%20DE%20DATOS/Gestor/src/gestor/Lista.java</file>
            <file>file:/C:/Users/HOME/OneDrive%20-%20UNIVERSIDAD%20TÉCNICA%20DE%20AMBATO/CUARTO%20SEMESTRE%20+1/ESTRUCTURA%20DE%20DATOS/Gestor/src/gestor/Persona.java</file>
            <file>file:/C:/Users/HOME/OneDrive%20-%20UNIVERSIDAD%20TÉCNICA%20DE%20AMBATO/CUARTO%20SEMESTRE%20+1/ESTRUCTURA%20DE%20DATOS/Gestor/src/gestor/Nodo.java</file>
        </group>
    </open-files>
</project-private>
