<?xml version="1.0" encoding="UTF-8"?>
<project-private xmlns="http://www.netbeans.org/ns/project-private/1">
    <editor-bookmarks xmlns="http://www.netbeans.org/ns/editor-bookmarks/2" lastBookmarkId="0"/>
    <open-files xmlns="http://www.netbeans.org/ns/projectui-open-files/2">
        <group>
            <file>file:/C:/Users/HOME/OneDrive%20-%20UNIVERSIDAD%20TÉCNICA%20DE%20AMBATO/TERCER%20SEMESTRE/ESTRUCTURA%20DE%20DATOS/Pila_y_Cola/src/pila_y_cola/Nodo.java</file>
            <file>file:/C:/Users/HOME/OneDrive%20-%20UNIVERSIDAD%20TÉCNICA%20DE%20AMBATO/TERCER%20SEMESTRE/ESTRUCTURA%20DE%20DATOS/Pila_y_Cola/src/pila_y_cola/NavegadorWeb.java</file>
            <file>file:/C:/Users/HOME/OneDrive%20-%20UNIVERSIDAD%20TÉCNICA%20DE%20AMBATO/TERCER%20SEMESTRE/ESTRUCTURA%20DE%20DATOS/Pila_y_Cola/src/pila_y_cola/main.java</file>
            <file>file:/C:/Users/HOME/OneDrive%20-%20UNIVERSIDAD%20TÉCNICA%20DE%20AMBATO/TERCER%20SEMESTRE/ESTRUCTURA%20DE%20DATOS/Pila_y_Cola/src/pila_y_cola/Pila.java</file>
            <file>file:/C:/Users/HOME/OneDrive%20-%20UNIVERSIDAD%20TÉCNICA%20DE%20AMBATO/TERCER%20SEMESTRE/ESTRUCTURA%20DE%20DATOS/Pila_y_Cola/src/pila_y_cola/Cola.java</file>
            <file>file:/C:/Users/HOME/OneDrive%20-%20UNIVERSIDAD%20TÉCNICA%20DE%20AMBATO/TERCER%20SEMESTRE/ESTRUCTURA%20DE%20DATOS/Pila_y_Cola/src/pila_y_cola/App.java</file>
            <file>file:/C:/Users/HOME/OneDrive%20-%20UNIVERSIDAD%20TÉCNICA%20DE%20AMBATO/TERCER%20SEMESTRE/ESTRUCTURA%20DE%20DATOS/Pila_y_Cola/src/pila_y_cola/Propio.java</file>
        </group>
    </open-files>
</project-private>
