<?xml version="1.0" encoding="UTF-8"?>
<project-private xmlns="http://www.netbeans.org/ns/project-private/1">
    <editor-bookmarks xmlns="http://www.netbeans.org/ns/editor-bookmarks/2" lastBookmarkId="0"/>
    <open-files xmlns="http://www.netbeans.org/ns/projectui-open-files/2">
        <group>
            <file>file:/C:/Users/HOME/OneDrive%20-%20UNIVERSIDAD%20TÉCNICA%20DE%20AMBATO/TERCER%20SEMESTRE/ESTRUCTURA%20DE%20DATOS/GestorCurso/src/Principal.java</file>
            <file>file:/C:/Users/HOME/OneDrive%20-%20UNIVERSIDAD%20TÉCNICA%20DE%20AMBATO/TERCER%20SEMESTRE/ESTRUCTURA%20DE%20DATOS/GestorCurso/src/Persona.java</file>
            <file>file:/C:/Users/HOME/OneDrive%20-%20UNIVERSIDAD%20TÉCNICA%20DE%20AMBATO/TERCER%20SEMESTRE/ESTRUCTURA%20DE%20DATOS/GestorCurso/src/GestorUnidadEducativa.java</file>
            <file>file:/C:/Users/HOME/OneDrive%20-%20UNIVERSIDAD%20TÉCNICA%20DE%20AMBATO/TERCER%20SEMESTRE/ESTRUCTURA%20DE%20DATOS/GestorCurso/src/Estudiante.java</file>
            <file>file:/C:/Users/HOME/OneDrive%20-%20UNIVERSIDAD%20TÉCNICA%20DE%20AMBATO/TERCER%20SEMESTRE/ESTRUCTURA%20DE%20DATOS/GestorCurso/src/Trabajador.java</file>
            <file>file:/C:/Users/HOME/OneDrive%20-%20UNIVERSIDAD%20TÉCNICA%20DE%20AMBATO/TERCER%20SEMESTRE/ESTRUCTURA%20DE%20DATOS/GestorCurso/src/Curso.java</file>
            <file>file:/C:/Users/HOME/OneDrive%20-%20UNIVERSIDAD%20TÉCNICA%20DE%20AMBATO/TERCER%20SEMESTRE/ESTRUCTURA%20DE%20DATOS/GestorCurso/src/Control_Validacion.java</file>
            <file>file:/C:/Users/HOME/OneDrive%20-%20UNIVERSIDAD%20TÉCNICA%20DE%20AMBATO/TERCER%20SEMESTRE/ESTRUCTURA%20DE%20DATOS/GestorCurso/src/Profesor.java</file>
            <file>file:/C:/Users/HOME/OneDrive%20-%20UNIVERSIDAD%20TÉCNICA%20DE%20AMBATO/TERCER%20SEMESTRE/ESTRUCTURA%20DE%20DATOS/GestorCurso/src/Menu.java</file>
            <file>file:/C:/Users/HOME/OneDrive%20-%20UNIVERSIDAD%20TÉCNICA%20DE%20AMBATO/TERCER%20SEMESTRE/ESTRUCTURA%20DE%20DATOS/GestorCurso/src/Insertar.java</file>
        </group>
    </open-files>
</project-private>
