<?xml version="1.0" encoding="UTF-8"?>
<project-private xmlns="http://www.netbeans.org/ns/project-private/1">
    <editor-bookmarks xmlns="http://www.netbeans.org/ns/editor-bookmarks/2" lastBookmarkId="0"/>
    <open-files xmlns="http://www.netbeans.org/ns/projectui-open-files/2">
        <group>
            <file>file:/C:/Users/HOME/OneDrive%20-%20UNIVERSIDAD%20TÉCNICA%20DE%20AMBATO/TERCER%20SEMESTRE/ESTRUCTURA%20DE%20DATOS/Ejercicios/Tercero/src/Semana9/Principal.java</file>
            <file>file:/C:/Users/HOME/OneDrive%20-%20UNIVERSIDAD%20TÉCNICA%20DE%20AMBATO/TERCER%20SEMESTRE/ESTRUCTURA%20DE%20DATOS/Ejercicios/Tercero/src/Semana12/Vertice.java</file>
            <file>file:/C:/Users/HOME/OneDrive%20-%20UNIVERSIDAD%20TÉCNICA%20DE%20AMBATO/TERCER%20SEMESTRE/ESTRUCTURA%20DE%20DATOS/Ejercicios/Tercero/src/Semana4/ListaCircularDoble.java</file>
            <file>file:/C:/Users/HOME/OneDrive%20-%20UNIVERSIDAD%20TÉCNICA%20DE%20AMBATO/TERCER%20SEMESTRE/ESTRUCTURA%20DE%20DATOS/Ejercicios/Tercero/src/Semana9/NodoABin.java</file>
            <file>file:/C:/Users/HOME/OneDrive%20-%20UNIVERSIDAD%20TÉCNICA%20DE%20AMBATO/TERCER%20SEMESTRE/ESTRUCTURA%20DE%20DATOS/Ejercicios/Tercero/src/Semana12/Arco.java</file>
            <file>file:/C:/Users/HOME/OneDrive%20-%20UNIVERSIDAD%20TÉCNICA%20DE%20AMBATO/TERCER%20SEMESTRE/ESTRUCTURA%20DE%20DATOS/Ejercicios/Tercero/src/Semana14/Main.java</file>
            <file>file:/C:/Users/HOME/OneDrive%20-%20UNIVERSIDAD%20TÉCNICA%20DE%20AMBATO/TERCER%20SEMESTRE/ESTRUCTURA%20DE%20DATOS/Ejercicios/Tercero/src/Semana12/Grafo.java</file>
            <file>file:/C:/Users/HOME/OneDrive%20-%20UNIVERSIDAD%20TÉCNICA%20DE%20AMBATO/TERCER%20SEMESTRE/ESTRUCTURA%20DE%20DATOS/Ejercicios/Tercero/src/Semana9/Arboles.java</file>
            <file>file:/C:/Users/HOME/OneDrive%20-%20UNIVERSIDAD%20TÉCNICA%20DE%20AMBATO/TERCER%20SEMESTRE/ESTRUCTURA%20DE%20DATOS/Ejercicios/Tercero/src/Semana9/NodoGeneral.java</file>
            <file>file:/C:/Users/HOME/OneDrive%20-%20UNIVERSIDAD%20TÉCNICA%20DE%20AMBATO/TERCER%20SEMESTRE/ESTRUCTURA%20DE%20DATOS/Ejercicios/Tercero/src/Semana4/NodoD.java</file>
            <file>file:/C:/Users/HOME/OneDrive%20-%20UNIVERSIDAD%20TÉCNICA%20DE%20AMBATO/TERCER%20SEMESTRE/ESTRUCTURA%20DE%20DATOS/Ejercicios/Tercero/src/Semana4/ListaCircular.java</file>
            <file>file:/C:/Users/HOME/OneDrive%20-%20UNIVERSIDAD%20TÉCNICA%20DE%20AMBATO/TERCER%20SEMESTRE/ESTRUCTURA%20DE%20DATOS/Ejercicios/Tercero/src/Semana2Ejercicios/Principal.java</file>
            <file>file:/C:/Users/HOME/OneDrive%20-%20UNIVERSIDAD%20TÉCNICA%20DE%20AMBATO/TERCER%20SEMESTRE/ESTRUCTURA%20DE%20DATOS/Ejercicios/Tercero/src/Semana2Ejercicios/Lista.java</file>
            <file>file:/C:/Users/HOME/OneDrive%20-%20UNIVERSIDAD%20TÉCNICA%20DE%20AMBATO/TERCER%20SEMESTRE/ESTRUCTURA%20DE%20DATOS/Ejercicios/Tercero/src/Semana2Ejercicios/Nodo.java</file>
            <file>file:/C:/Users/HOME/OneDrive%20-%20UNIVERSIDAD%20TÉCNICA%20DE%20AMBATO/TERCER%20SEMESTRE/ESTRUCTURA%20DE%20DATOS/Ejercicios/Tercero/src/Semana2/ListaE.java</file>
            <file>file:/C:/Users/HOME/OneDrive%20-%20UNIVERSIDAD%20TÉCNICA%20DE%20AMBATO/TERCER%20SEMESTRE/ESTRUCTURA%20DE%20DATOS/Ejercicios/Tercero/src/Semana9/ArbolGeneral.java</file>
            <file>file:/C:/Users/HOME/OneDrive%20-%20UNIVERSIDAD%20TÉCNICA%20DE%20AMBATO/TERCER%20SEMESTRE/ESTRUCTURA%20DE%20DATOS/Ejercicios/Tercero/src/Semana4/ListaDoble.java</file>
            <file>file:/C:/Users/HOME/OneDrive%20-%20UNIVERSIDAD%20TÉCNICA%20DE%20AMBATO/TERCER%20SEMESTRE/ESTRUCTURA%20DE%20DATOS/Ejercicios/Tercero/src/Lista/Nodo.java</file>
            <file>file:/C:/Users/HOME/OneDrive%20-%20UNIVERSIDAD%20TÉCNICA%20DE%20AMBATO/TERCER%20SEMESTRE/ESTRUCTURA%20DE%20DATOS/Ejercicios/Tercero/src/Recursividad/Principal.java</file>
            <file>file:/C:/Users/HOME/OneDrive%20-%20UNIVERSIDAD%20TÉCNICA%20DE%20AMBATO/TERCER%20SEMESTRE/ESTRUCTURA%20DE%20DATOS/Ejercicios/Tercero/src/Lista/ListaE.java</file>
            <file>file:/C:/Users/HOME/OneDrive%20-%20UNIVERSIDAD%20TÉCNICA%20DE%20AMBATO/TERCER%20SEMESTRE/ESTRUCTURA%20DE%20DATOS/Ejercicios/Tercero/src/Semana5/NodoDoble.java</file>
            <file>file:/C:/Users/HOME/OneDrive%20-%20UNIVERSIDAD%20TÉCNICA%20DE%20AMBATO/TERCER%20SEMESTRE/ESTRUCTURA%20DE%20DATOS/Ejercicios/Tercero/src/Semana9/ArbolHilbanado.java</file>
            <file>file:/C:/Users/HOME/OneDrive%20-%20UNIVERSIDAD%20TÉCNICA%20DE%20AMBATO/TERCER%20SEMESTRE/ESTRUCTURA%20DE%20DATOS/Ejercicios/Tercero/src/Semana9/NodoHilvanado.java</file>
            <file>file:/C:/Users/HOME/OneDrive%20-%20UNIVERSIDAD%20TÉCNICA%20DE%20AMBATO/TERCER%20SEMESTRE/ESTRUCTURA%20DE%20DATOS/Ejercicios/Tercero/src/Semana14/Grafo.java</file>
            <file>file:/C:/Users/HOME/OneDrive%20-%20UNIVERSIDAD%20TÉCNICA%20DE%20AMBATO/TERCER%20SEMESTRE/ESTRUCTURA%20DE%20DATOS/Ejercicios/Tercero/src/Semana5/List.java</file>
            <file>file:/C:/Users/HOME/OneDrive%20-%20UNIVERSIDAD%20TÉCNICA%20DE%20AMBATO/TERCER%20SEMESTRE/ESTRUCTURA%20DE%20DATOS/Ejercicios/Tercero/src/Semana4/Lista.java</file>
            <file>file:/C:/Users/HOME/OneDrive%20-%20UNIVERSIDAD%20TÉCNICA%20DE%20AMBATO/TERCER%20SEMESTRE/ESTRUCTURA%20DE%20DATOS/Ejercicios/Tercero/src/Semana5/Node.java</file>
            <file>file:/C:/Users/HOME/OneDrive%20-%20UNIVERSIDAD%20TÉCNICA%20DE%20AMBATO/TERCER%20SEMESTRE/ESTRUCTURA%20DE%20DATOS/Ejercicios/Tercero/src/Semana4/ListaD.java</file>
        </group>
    </open-files>
</project-private>
