<?xml version="1.0" encoding="UTF-8"?>
<project-private xmlns="http://www.netbeans.org/ns/project-private/1">
    <editor-bookmarks xmlns="http://www.netbeans.org/ns/editor-bookmarks/2" lastBookmarkId="0"/>
    <open-files xmlns="http://www.netbeans.org/ns/projectui-open-files/2">
        <group>
            <file>file:/C:/Users/HOME/OneDrive%20-%20UNIVERSIDAD%20TÉCNICA%20DE%20AMBATO/CUARTO%20SEMESTRE%20+1/ESTRUCTURA%20DE%20DATOS/GestorFiguras/src/gestorfiguras/GestorFiguras.java</file>
            <file>file:/C:/Users/HOME/OneDrive%20-%20UNIVERSIDAD%20TÉCNICA%20DE%20AMBATO/CUARTO%20SEMESTRE%20+1/ESTRUCTURA%20DE%20DATOS/GestorFiguras/src/Cuadrado_O_Rectangulo/Figura2.java</file>
            <file>file:/C:/Users/HOME/OneDrive%20-%20UNIVERSIDAD%20TÉCNICA%20DE%20AMBATO/CUARTO%20SEMESTRE%20+1/ESTRUCTURA%20DE%20DATOS/GestorFiguras/src/gestorfiguras/Figura.java</file>
            <file>file:/C:/Users/HOME/OneDrive%20-%20UNIVERSIDAD%20TÉCNICA%20DE%20AMBATO/CUARTO%20SEMESTRE%20+1/ESTRUCTURA%20DE%20DATOS/GestorFiguras/src/gestorfiguras/Circulo.java</file>
            <file>file:/C:/Users/HOME/OneDrive%20-%20UNIVERSIDAD%20TÉCNICA%20DE%20AMBATO/CUARTO%20SEMESTRE%20+1/ESTRUCTURA%20DE%20DATOS/GestorFiguras/src/Cuadrado_O_Rectangulo/Main.java</file>
            <file>file:/C:/Users/HOME/OneDrive%20-%20UNIVERSIDAD%20TÉCNICA%20DE%20AMBATO/CUARTO%20SEMESTRE%20+1/ESTRUCTURA%20DE%20DATOS/GestorFiguras/src/Cuadrado_O_Rectangulo/Rectangulo2.java</file>
            <file>file:/C:/Users/HOME/OneDrive%20-%20UNIVERSIDAD%20TÉCNICA%20DE%20AMBATO/CUARTO%20SEMESTRE%20+1/ESTRUCTURA%20DE%20DATOS/GestorFiguras/src/gestorfiguras/Rectangulo.java</file>
            <file>file:/C:/Users/HOME/OneDrive%20-%20UNIVERSIDAD%20TÉCNICA%20DE%20AMBATO/CUARTO%20SEMESTRE%20+1/ESTRUCTURA%20DE%20DATOS/GestorFiguras/src/Cuadrado_O_Rectangulo/Cuadrado.java</file>
            <file>file:/C:/Users/HOME/OneDrive%20-%20UNIVERSIDAD%20TÉCNICA%20DE%20AMBATO/CUARTO%20SEMESTRE%20+1/ESTRUCTURA%20DE%20DATOS/GestorFiguras/src/Cuadrado_O_Rectangulo/Rectangulo.java</file>
            <file>file:/C:/Users/HOME/OneDrive%20-%20UNIVERSIDAD%20TÉCNICA%20DE%20AMBATO/CUARTO%20SEMESTRE%20+1/ESTRUCTURA%20DE%20DATOS/GestorFiguras/src/gestorfiguras/Cuadrado.java</file>
            <file>file:/C:/Users/HOME/OneDrive%20-%20UNIVERSIDAD%20TÉCNICA%20DE%20AMBATO/CUARTO%20SEMESTRE%20+1/ESTRUCTURA%20DE%20DATOS/GestorFiguras/src/Cuadrado_O_Rectangulo/Cuadrado2.java</file>
            <file>file:/C:/Users/HOME/OneDrive%20-%20UNIVERSIDAD%20TÉCNICA%20DE%20AMBATO/CUARTO%20SEMESTRE%20+1/ESTRUCTURA%20DE%20DATOS/GestorFiguras/src/Cuadrado_O_Rectangulo/Figura.java</file>
        </group>
    </open-files>
</project-private>
